,Unnamed: 0,Sample_ID,latitude,longitude,is_replicate,replicate,library,barcode,id,POP
0,0,ucin001,38.90860215087547,-92.47780892570375,False,,14,ACCA,ucin001,MO
1,1,ucin002,37.915593946723725,-90.52556484987842,False,,15,ACCA,ucin002,MO
2,2,ucin003,37.8248346,-92.2070224,False,,16,ACCA,ucin003,MO
3,3,ucin004conc,38.9351623,-91.4654372,False,,9,AGTG,ucin004conc,MO
4,4,ucin005,37.80054129225702,-90.5110320198442,False,,10,AGTG,ucin005,MO
5,5,ucin006conc,38.19782608895784,-91.30565398752199,False,,11,AGTG,ucin006conc,MO
6,6,ucin007,38.218818186947416,-91.7420373618107,False,,12,AGTG,ucin007,MO
7,7,ucin008,38.0259953421996,-89.84090596359334,False,,13,AGTG,ucin008,MO
8,8,ucin009z,38.4208069,-92.8748352,False,,34,AGTG,ucin009z,MO
9,9,ucin010REz,39.23283738460545,-92.51323478573933,False,,34,CATC,ucin010REz,MO
10,10,ucin011REz,38.99795642784919,-93.01769670492189,False,,34,GTGA,ucin011REz,MO
11,11,ucin012RE,39.279786131830114,-92.3102022,False,,33,TCAG,ucin012RE,MO
12,12,ucin013re,36.6993775,-93.8343258,False,,14,AGTG,ucin013re,MO
13,13,ucin016,37.4732347,-90.3454526,False,,15,AGTG,ucin016,MO
14,14,ucin017,37.21841008567971,-85.61519453075815,False,,16,AGTG,ucin017,KY_TN
15,15,ucin018z,36.99373604502804,-85.30049082946805,False,,34,TCAG,ucin018z,KY_TN
16,16,ucin020,37.09994459999872,-85.64340270075164,False,,9,CATC,ucin020,KY_TN
17,17,ucin021,37.254523517065316,-84.97038552795384,False,,10,CATC,ucin021,KY_TN
18,18,ucin022,36.991768582636496,-84.94855777323136,False,,11,CATC,ucin022,KY_TN
19,19,ucin023,37.16532856148165,-84.92690887582646,False,,12,CATC,ucin023,KY_TN
20,20,ucin024,37.23224836879397,-84.95537847432345,False,ucin024replicate,13,CATC,ucin024,KY_TN
21,21,ucin024replicate,36.889777846296674,-85.03976863338025,True,,16,CTAC,ucin024replicate,KY_TN
22,22,ucin026,37.39539957625099,-85.26869390433897,False,,14,CATC,ucin026,KY_TN
23,23,ucin028,37.38811581318154,-85.36313967509115,False,,15,CATC,ucin028,KY_TN
24,24,ucin029,37.03979287696115,-84.92886002433788,False,,16,CATC,ucin029,KY_TN
25,25,ucin030,36.72831928398675,-84.79310035032698,False,,9,GTGA,ucin030,KY_TN
26,26,ucin031,37.394469116359396,-85.24969955551205,False,,10,GTGA,ucin031,KY_TN
27,27,ucin032,36.91118690231303,-85.54979092066557,False,,11,GTGA,ucin032,KY_TN
28,28,ucin033,37.35908452136465,-85.45751945938805,False,,12,GTGA,ucin033,KY_TN
29,29,ucin034,37.37802205546302,-85.40567266989575,False,,13,GTGA,ucin034,KY_TN
30,30,ucin035,35.680984,-78.935572,False,,14,GTGA,ucin035,SC_NC
31,31,ucin036conc,33.78484244097771,-78.05928159232967,False,,15,GTGA,ucin036conc,SC_NC
32,32,ucin037,35.7898464,-78.650624,False,,16,GTGA,ucin037,SC_NC
33,33,ucin038conc,36.10549443715686,-78.92327774824267,False,,9,TCAG,ucin038conc,SC_NC
34,34,ucin039conc,34.20898673374446,-78.51032078731416,False,,10,TCAG,ucin039conc,SC_NC
35,35,ucin040,36.19076233284036,-78.98942378546771,False,,11,TCAG,ucin040,SC_NC
36,36,ucin041,34.06859650278711,-77.8809940118684,False,,12,TCAG,ucin041,SC_NC
37,37,ucin042conc,33.95346420197372,-77.89476952319092,False,,13,TCAG,ucin042conc,SC_NC
38,38,ucin043,33.83692520690494,-77.97762440760997,False,,14,TCAG,ucin043,SC_NC
39,39,ucin044conc,34.038260145597405,-78.57632254430581,False,,15,TCAG,ucin044conc,SC_NC
40,40,ucin045,45.7803178,-92.6825162,False,,16,TCAG,ucin045,MN_WI_ND
41,41,ucin046z,45.5183279,-92.6086852,False,,34,GCTT,ucin046z,MN_WI_ND
42,42,ucin047conc,45.7663625,-92.718117,False,,9,GCTT,ucin047conc,MN_WI_ND
43,43,ucin048z,43.8539285,-89.2944733,False,,34,CTAC,ucin048z,MN_WI_ND
44,44,ucin049z,46.072883957297805,-89.93583795505869,False,,34,TGTC,ucin049z,MN_WI_ND
45,45,ucin050,46.22709824277566,-90.3031963,False,,10,GCTT,ucin050,MN_WI_ND
46,46,ucin052z,45.951928865747924,-89.888611408544,False,,34,TCAC,ucin052z,MN_WI_ND
47,47,ucin053conc,44.7143783,-91.0486845,False,,11,GCTT,ucin053conc,MN_WI_ND
48,48,ucin054,45.370865,-91.534241,False,,12,GCTT,ucin054,MN_WI_ND
49,49,ucin055,44.934653,-91.389165,False,,13,GCTT,ucin055,MN_WI_ND
50,50,ucin056conc,44.67917108550766,-91.80787459305012,False,,14,GCTT,ucin056conc,MN_WI_ND
51,51,ucin057z,45.04754050347888,-91.91527415864846,False,,34,GACT,ucin057z,MN_WI_ND
52,52,ucin058z,41.034,-92.772,False,,35,GTGT,ucin058z,IA_NE
53,53,ucin059,42.732,-94.19712,False,,15,GCTT,ucin059,IA_NE
54,54,ucin060z,38.950619,-97.602737,False,,35,AGAC,ucin060z,KS_OK
55,55,ucin061z,40.776699,-92.111397,False,,35,ACCA,ucin061z,IA_NE
56,56,ucin062z,38.675542,-83.910012,False,,35,AGTG,ucin062z,KY_TN
57,57,ucin063RE,38.9472897,-92.3263872,False,,33,GCTT,ucin063RE,MO
58,58,ucin065,46.32655,-90.2612985,False,,16,GCTT,ucin065,MN_WI_ND
59,59,ucin068B,43.153671,-90.084763,False,,9,CTAC,ucin068B,MN_WI_ND
60,60,ucin074,38.868275,-86.50199722,False,,10,CTAC,ucin074,IL_IN
61,61,ucin075,39.1607509,-86.5233253,False,,11,CTAC,ucin075,IL_IN
62,62,ucin076z,39.12577172276159,-85.83829947183303,False,,35,CATC,ucin076z,IL_IN
63,63,ucin077z,38.33263056,-85.98561111,False,,35,GTGA,ucin077z,IL_IN
64,64,ucin078z,38.20929722,-86.61035833,False,,35,TCAG,ucin078z,IL_IN
65,65,ucin079z,38.84346389,-86.51396944,False,,35,GCTT,ucin079z,IL_IN
66,66,ucin080z,38.81860865693615,-85.24461976257489,False,,35,CTAC,ucin080z,IL_IN
67,67,ucin081,39.17698611,-86.50513056,False,,12,CTAC,ucin081,IL_IN
68,68,ucin083,38.8924958,-86.5252394,False,,13,CTAC,ucin083,IL_IN
69,69,ucin089,36.669587665994435,-91.76138559409911,False,,14,CTAC,ucin089,MO
70,70,ucin090,36.96262918352153,-91.50749757907535,False,,15,CTAC,ucin090,MO
71,71,ucin091,36.75526289580658,-92.7336000723237,False,,9,TGTC,ucin091,MO
72,72,ucin092,36.419517789617466,-92.6995611236495,False,,10,TGTC,ucin092,MO
73,73,ucin093,36.70526188431176,-92.04864452322688,False,,11,TGTC,ucin093,MO
74,74,ucin094,37.276341277335895,-91.94250668840932,False,,12,TGTC,ucin094,MO
75,75,ucin095,36.6489017,-90.8670597,False,,13,TGTC,ucin095,MO
76,76,ucin096,37.3142565,-91.9644783,False,,14,TGTC,ucin096,MO
77,77,ucin097,37.234839464899295,-90.9393747642524,False,,15,TGTC,ucin097,MO
78,78,ucin098,37.1524984,-91.3913284,False,,16,TGTC,ucin098,MO
79,79,ucin099,32.029204077570206,-89.75062607381506,False,,9,TCAC,ucin099,MS
80,80,ucin100,33.9366339,-89.3371142,False,,10,TCAC,ucin100,MS
81,81,ucin101,32.7656747,-90.3879282,False,,11,TCAC,ucin101,MS
82,82,ucin102,31.1885802,-89.2594467,False,,12,TCAC,ucin102,MS
83,83,ucin103,31.164492,-90.1034306,False,,13,TCAC,ucin103,MS
84,84,ucin104,31.1975865,-89.5063691,False,,14,TCAC,ucin104,MS
85,85,ucin105,32.4271272,-89.5332094,False,,15,TCAC,ucin105,MS
86,86,ucin106,32.507606369748295,-90.13760128156005,False,,16,TCAC,ucin106,MS
87,87,ucin107,32.4019702,-89.1184115,False,,9,GACT,ucin107,MS
88,88,ucin108,32.0453737,-88.6879757,False,,10,GACT,ucin108,MS
89,89,ucin109,32.4039981,-88.6604487,False,,11,GACT,ucin109,MS
90,90,ucin110,32.019029,-89.4948768,False,,12,GACT,ucin110,MS
91,91,ucin111,33.0904703,-89.5886221,False,,13,GACT,ucin111,MS
92,92,ucin112,33.3459638,-89.2513319,False,,14,GACT,ucin112,MS
93,93,ucin113,32.752518,-89.1192743,False,,15,GACT,ucin113,MS
94,94,ucin115re,35.8648,-88.5798,False,,16,GACT,ucin115re,KY_TN
95,95,ucin116conc,35.2221,-89.13435,False,,17,GTGT,ucin116conc,KY_TN
96,96,ucin117conc,35.542555,-88.856329,False,,18,GTGT,ucin117conc,KY_TN
97,97,ucin118conc,35.46,-88.429,False,,19,GTGT,ucin118conc,KY_TN
98,98,ucin119re,35.60552923314852,-89.16402936447221,False,,20,GTGT,ucin119re,KY_TN
99,99,ucin120conc,35.64600097951356,-89.12689817046306,False,,21,GTGT,ucin120conc,KY_TN
100,100,ucin121conc,35.49583598070197,-88.80440251552399,False,,22,GTGT,ucin121conc,KY_TN
101,101,ucin122re,35.591131,-88.512521,False,,23,GTGT,ucin122re,KY_TN
102,102,ucin123z,35.72584306494882,-88.32498197560344,False,,35,TGTC,ucin123z,KY_TN
103,103,ucin124,38.30731508282152,-91.19995358326,False,,24,GTGT,ucin124,MO
104,104,ucin125,36.72166343126709,-92.10804467170975,False,,17,AGAC,ucin125,MO
105,105,ucin126,38.377,-91.756,False,,18,AGAC,ucin126,MO
106,106,ucin127,37.55854667045513,-90.56973557088779,False,,19,AGAC,ucin127,MO
107,107,ucin128,39.19093389600161,-91.53859732911226,False,,20,AGAC,ucin128,MO
108,108,ucin129z,37.22639980281293,-90.37975204723914,False,,35,TCAC,ucin129z,MO
109,109,ucin130z,38.11308665836068,-90.55673007078599,False,,35,GACT,ucin130z,MO
110,110,ucin131z,38.818896,-91.1353248,False,,36,GTGT,ucin131z,MO
111,111,ucin132,39.210649,-92.1344221,False,,21,AGAC,ucin132,MO
112,112,ucin133,37.63031092394405,-89.53286614599689,False,,22,AGAC,ucin133,MO
113,113,ucin134z,37.27874454538721,-90.10732700921868,False,,36,AGAC,ucin134z,MO
114,114,ucin135,37.71840828334751,-89.86293581970116,False,,23,AGAC,ucin135,MO
115,115,ucin136,37.1585547085739,-89.68157161649243,False,,24,AGAC,ucin136,MO
116,116,ucin137,37.71840828334751,-89.73615018029884,False,,17,ACCA,ucin137,MO
117,117,ucin138,37.594114263731264,-92.54214867726863,False,,18,ACCA,ucin138,MO
118,118,ucin139,37.8808048306739,-92.76471998603097,False,,19,ACCA,ucin139,MO
119,119,ucin140,38.142475784990424,-92.31091807714208,False,,20,ACCA,ucin140,MO
120,120,ucin141,37.65789022065124,-90.66231328458981,False,,21,ACCA,ucin141,MO
121,121,ucin142,37.97854951178883,-90.41319141932804,False,,22,ACCA,ucin142,MO
122,122,ucin143,36.7923418088731,-92.22949654528404,False,,23,ACCA,ucin143,MO
123,123,ucin144,36.7743685,-91.8873677,False,,24,ACCA,ucin144,MO
124,124,ucin145,38.301490956648806,-91.18944890480296,False,,17,AGTG,ucin145,MO
125,125,ucin146,38.4334486,-92.8460335,False,,18,AGTG,ucin146,MO
126,126,ucin147z,36.75990684398612,-90.50996499929403,False,,36,ACCA,ucin147z,MO
127,127,ucin148,39.076971,-92.841577,False,,19,AGTG,ucin148,MO
128,128,ucin149,39.08659793482438,-91.74793994486097,False,,20,AGTG,ucin149,MO
129,129,ucin150z,37.19069965078947,-90.94553471448359,False,,36,AGTG,ucin150z,MO
130,130,ucin151,37.654511176278355,-90.38667932964019,False,,21,AGTG,ucin151,MO
131,131,ucin152,38.104194790846186,-90.8135347805037,False,,22,AGTG,ucin152,MO
132,132,ucin153conc,35.9613606,-83.1976748,False,,23,AGTG,ucin153conc,KY_TN
133,133,ucin154re,36.135,-83.282,False,,24,AGTG,ucin154re,KY_TN
134,134,ucin156re,36.85784124869426,-81.74729989398885,False,,17,CATC,ucin156re,KY_TN
135,135,ucin157conc,36.535025,-83.447035,False,,18,CATC,ucin157conc,KY_TN
136,136,ucin159conc,36.326122591874324,-83.24928611760502,False,,19,CATC,ucin159conc,KY_TN
137,137,ucin160re,36.819629081592694,-81.76385924565191,False,,20,CATC,ucin160re,KY_TN
138,138,ucin161conc,36.741489844279634,-83.46645607530425,False,,21,CATC,ucin161conc,KY_TN
139,139,ucin162conc,37.02735255863134,-81.75390879128229,False,,22,CATC,ucin162conc,KY_TN
140,140,ucin163z,42.741521,-95.1414313,False,,36,CATC,ucin163z,IA_NE
141,141,ucin164re,39.8892001,-89.6045926,False,,23,CATC,ucin164re,IL_IN
142,142,ucin165conc,38.4418,-90.254,False,,24,CATC,ucin165conc,IL_IN
143,143,ucin166z,37.870399740946944,-95.00725563084988,False,,36,GTGA,ucin166z,KS_OK
144,144,ucin167conc,38.11615781221286,-94.58126488633825,False,,17,GTGA,ucin167conc,KS_OK
145,145,ucin168,34.717617,-92.358338,False,,18,GTGA,ucin168,AR
146,146,ucin169z,34.144513359069805,-92.11774368489549,False,,36,TCAG,ucin169z,AR
147,147,ucin170conc,34.53376267,-92.35495273,False,,19,GTGA,ucin170conc,AR
148,148,ucin178,33.6118293,-92.067718,False,,20,GTGA,ucin178,AR
149,149,ucin179REz,33.85009255476081,-92.01258334039258,False,,36,GCTT,ucin179REz,AR
150,150,ucin181conc,33.8181171,-92.4175657,False,,21,GTGA,ucin181conc,AR
151,151,ucin182conc,33.5676724,-92.8490636,False,,22,GTGA,ucin182conc,AR
152,152,ucin203conc,43.105083229210564,-88.30860544067812,False,,23,GTGA,ucin203conc,MN_WI_ND
153,153,ucin204conc,43.65435104326295,-88.32946307527104,False,,24,GTGA,ucin204conc,MN_WI_ND
154,154,ucin205,47.277802,-91.866211,False,,17,TCAG,ucin205,MN_WI_ND
155,155,ucin206,46.89653,-92.995331,False,,18,TCAG,ucin206,MN_WI_ND
156,156,ucin207,46.01972805385377,-94.68228038710765,False,,19,TCAG,ucin207,MN_WI_ND
157,157,ucin208,45.738284633499354,-94.3596511178452,False,,20,TCAG,ucin208,MN_WI_ND
158,158,ucin209,46.1009402,-92.7630936,False,,21,TCAG,ucin209,MN_WI_ND
159,159,ucin210RE,45.7012247,-94.0014387,False,,33,CTAC,ucin210RE,MN_WI_ND
160,160,ucin211RE,38.438913050079876,-88.52833922516345,False,,33,TGTC,ucin211RE,IL_IN
161,161,ucin212RE,38.149922303044214,-88.91622402243463,False,,33,TCAC,ucin212RE,IL_IN
162,162,ucin213conc,38.149922303044214,-88.91622402243463,False,,22,TCAG,ucin213conc,IL_IN
163,163,ucin214z,43.6482031,-84.3794144,False,,36,CTAC,ucin214z,MI
164,164,ucin215,42.999715,-84.2393367,False,,23,TCAG,ucin215,MI
165,165,ucin216,42.9515446,-84.1463518,False,,24,TCAG,ucin216,MI
166,166,ucin217,42.73572212089439,-83.77462434052026,False,,17,GCTT,ucin217,MI
167,167,ucin218,42.2462657,-85.5328544,False,,18,GCTT,ucin218,MI
168,168,ucin219,43.57940519134859,-85.22770978510259,False,,19,GCTT,ucin219,MI
169,169,ucin220,43.44639461445949,-83.62149829440268,False,,20,GCTT,ucin220,MI
170,170,ucin221,42.88900199847344,-83.35529304484037,False,,21,GCTT,ucin221,MI
171,171,ucin222,43.445122795560955,-83.42239498136654,False,,22,GCTT,ucin222,MI
172,172,ucin223,43.28353181234686,-83.87396520564239,False,,23,GCTT,ucin223,MI
173,173,ucin224,43.81505285162143,-85.16308103809975,False,,24,GCTT,ucin224,MI
174,174,ucin225,43.165426824233336,-84.04914186379338,False,,17,CTAC,ucin225,MI
175,175,ucin226,42.994583510962,-83.84462255247941,False,,18,CTAC,ucin226,MI
176,176,ucin227conc,36.287,-96.512,False,,19,CTAC,ucin227conc,KS_OK
177,177,ucin228z,36.5,-95.064,False,,36,TGTC,ucin228z,KS_OK
178,178,ucin229,35.5024345,-94.7507569,False,,20,CTAC,ucin229,KS_OK
179,179,ucin230,35.741,-94.741,False,,21,CTAC,ucin230,KS_OK
180,180,ucin231,36.80836663858249,-94.9631063214956,False,,22,CTAC,ucin231,KS_OK
181,181,ucin232,36.73897324114592,-95.27306829050644,False,,23,CTAC,ucin232,KS_OK
182,182,ucin233,36.10172118010456,-94.57554892857966,False,,24,CTAC,ucin233,KS_OK
183,183,ucin234,34.586349,-97.186188,False,,17,TGTC,ucin234,KS_OK
184,184,ucin235z,36.30124805179627,-95.26227375613085,False,,36,TCAC,ucin235z,KS_OK
185,185,ucin236,36.023637019383656,-94.87951981235737,False,ucin236replicate,18,TGTC,ucin236,KS_OK
186,186,ucin236replicate,35.56642617556123,-94.44860147029593,True,,17,TCAC,ucin236replicate,KS_OK
187,187,ucin237,34.7093497,-97.312723,False,,19,TGTC,ucin237,KS_OK
188,188,ucin238,35.53927799879168,-94.5217860615473,False,,20,TGTC,ucin238,KS_OK
189,189,ucin239,41.399,-96.4833,False,,21,TGTC,ucin239,IA_NE
190,190,ucin240,34.898432,-94.090763,False,,22,TGTC,ucin240,AR
191,191,ucin241,35.4629127,-92.9791298,False,,23,TGTC,ucin241,AR
192,192,ucin242,34.908156,-94.386884,False,,24,TGTC,ucin242,AR
193,193,ucin243,36.052,-90.973,False,,18,TCAC,ucin243,AR
194,194,ucin244,34.5808341,-94.237096,False,,19,TCAC,ucin244,AR
195,195,ucin245,33.4665491,-92.1691559,False,,20,TCAC,ucin245,AR
196,196,ucin246z,33.3308,-93.90999,False,,36,GACT,ucin246z,AR
197,197,ucin249,34.0830639,-93.9909315,False,,21,TCAC,ucin249,AR
198,198,ucin251,35.707966,-92.51875,False,,22,TCAC,ucin251,AR
199,199,ucin252z,35.085091,-93.136563,False,,37,GTGT,ucin252z,AR
200,200,ucin253,36.291422,-91.855491,False,,23,TCAC,ucin253,MO
201,201,ucin256,35.02292,-93.10581,False,,24,TCAC,ucin256,AR
202,202,ucin257,35.04195,-93.307617,False,,17,GACT,ucin257,AR
203,203,ucin258,35.9107424,-93.2158985,False,,18,GACT,ucin258,AR
204,204,ucin259,33.861439,-93.821129,False,,19,GACT,ucin259,AR
205,205,ucin260reconc,36.24955278,-93.50541389,False,,20,GACT,ucin260reconc,AR
206,206,ucin261,34.94048458506135,-93.0608406,False,ucin261replicate,21,GACT,ucin261,AR
207,207,ucin261replicate,35.517132530692905,-93.00533282842784,True,,32,GTGT,ucin261replicate,AR
208,208,ucin262reconc,33.44981447023079,-92.07018711006097,False,,22,GACT,ucin262reconc,AR
209,209,ucin263,34.51402434477357,-92.20717464941144,False,,23,GACT,ucin263,AR
210,210,ucin264,36.312786,-93.0112211,False,,24,GACT,ucin264,AR
211,211,ucin265conc,33.957675,-91.7276258,False,,25,GTGT,ucin265conc,AR
212,212,ucin266reconc,36.0365815,-94.2524659,False,,26,GTGT,ucin266reconc,AR
213,213,ucin267,36.49430833,-94.42558611,False,,27,GTGT,ucin267,AR
214,214,ucin268,34.2873568,-91.3383081,False,,28,GTGT,ucin268,AR
215,215,ucin269,34.069710371954685,-92.65629506873343,False,,29,GTGT,ucin269,AR
216,216,ucin270,35.5150168,-93.3321354,False,,30,GTGT,ucin270,AR
217,217,ucin271REz,34.7954255,-91.7404936,False,,37,AGAC,ucin271REz,AR
218,218,ucin273,35.934924,-94.18111,False,,31,GTGT,ucin273,AR
219,219,ucin274re,36.030909,-93.25629,False,,25,AGAC,ucin274re,AR
220,220,ucin275,36.432289,-92.76878,False,,26,AGAC,ucin275,AR
221,221,ucin276z,33.5879936,-93.391012,False,,37,ACCA,ucin276z,AR
222,222,ucin277z,36.0125452,-93.7240531,False,,37,AGTG,ucin277z,AR
223,223,ucin278z,44.894954,-83.4265739,False,,37,CATC,ucin278z,MI
224,224,ucin279conc,43.100576368161526,-85.41911497800876,False,ucin279concreplicate,27,AGAC,ucin279conc,MI
225,225,ucin279concreplicate,43.03717590927558,-85.2715201718062,True,,25,TCAG,ucin279concreplicate,MI
226,226,ucin300,46.5584304,-91.5708921,False,,28,AGAC,ucin300,MN_WI_ND
227,227,ucin301,45.794399,-89.31402,False,,29,AGAC,ucin301,MN_WI_ND
228,228,ucin302,37.44452650245107,-95.50205418464941,False,,30,AGAC,ucin302,KS_OK
229,229,ucin303,37.20112192508191,-95.46570025555059,False,,31,AGAC,ucin303,KS_OK
230,230,ucin304,37.26540530644362,-85.21845793986913,False,,32,AGAC,ucin304,KY_TN
231,231,ucin305,36.630293260959256,-84.79201134651687,False,,25,ACCA,ucin305,KY_TN
232,232,ucin306,37.04734948885857,-84.16988809697493,False,,26,ACCA,ucin306,KY_TN
233,233,ucin307,38.981801083301804,-84.2874396177701,False,,27,ACCA,ucin307,KY_TN
234,234,ucin308,36.47153216375453,-84.20082892304256,False,,28,ACCA,ucin308,KY_TN
235,235,ucin309,37.42927865759316,-85.54435051064556,False,,29,ACCA,ucin309,KY_TN
236,236,ucin310conc,37.59611063770115,-85.04687821065788,False,,30,ACCA,ucin310conc,KY_TN
237,237,ucin311,37.02078718324002,-84.29750954986108,False,,31,ACCA,ucin311,KY_TN
238,238,ucin312,36.65363677807,-84.77989500598535,False,,32,ACCA,ucin312,KY_TN
239,239,ucin313,36.6904800030801,-89.20648742482186,False,,25,AGTG,ucin313,KY_TN
240,240,ucin314z,36.913878306087156,-88.73352564037792,False,,37,GTGA,ucin314z,KY_TN
241,241,ucin315,37.25037721869589,-89.0262364003539,False,,26,AGTG,ucin315,KY_TN
242,242,ucin316,38.55526722671389,-84.02898171454434,False,,27,AGTG,ucin316,KY_TN
243,243,ucin317z,37.54145021801768,-85.00662381450366,False,,37,TCAG,ucin317z,KY_TN
244,244,ucin318,37.742751787597946,-84.72174897554042,False,,28,AGTG,ucin318,KY_TN
245,245,ucin319z,37.02872457687381,-84.27428363619053,False,,37,GCTT,ucin319z,KY_TN
246,246,ucin320z,37.030802685894734,-85.94191628122938,False,,37,CTAC,ucin320z,KY_TN
247,247,ucin321,37.6257449517795,-84.11120801713676,False,,29,AGTG,ucin321,KY_TN
248,248,ucin322,37.03633014965649,-84.99104083401681,False,,30,AGTG,ucin322,KY_TN
249,249,ucin323,36.677572931098744,-83.79850876523935,False,,31,AGTG,ucin323,KY_TN
250,250,ucin324z,37.795001021877205,-84.18540351195564,False,,37,TGTC,ucin324z,KY_TN
251,251,ucin325re,38.6683939,-85.1240238,False,,32,AGTG,ucin325re,KY_TN
252,252,ucin326conc,38.44503214848338,-84.16759550583974,False,,25,CATC,ucin326conc,KY_TN
253,253,ucin327re,38.437814214634024,-84.51931125703531,False,,26,CATC,ucin327re,KY_TN
254,254,ucin328,36.9109000761946,-84.81525022970627,False,,27,CATC,ucin328,KY_TN
255,255,ucin329,36.90966097877211,-86.52574652245711,False,,28,CATC,ucin329,KY_TN
256,256,ucin330,37.810182931982105,-83.45471968298123,False,,29,CATC,ucin330,KY_TN
257,257,ucin331,36.919834373774556,-84.44411680161842,False,,30,CATC,ucin331,KY_TN
258,258,ucin332,37.516646,-83.410741,False,,31,CATC,ucin332,KY_TN
259,259,ucin333,38.054,-82.587,False,,32,CATC,ucin333,KY_TN
260,260,ucin334re,38.037983149293396,-84.03031508505912,False,,25,GTGA,ucin334re,KY_TN
261,261,ucin335z,37.933793,-86.057137,False,,37,TCAC,ucin335z,KY_TN
262,262,ucin336,38.88616846208047,-84.0719719583551,False,,26,GTGA,ucin336,KY_TN
263,263,ucin337,37.908771791220474,-83.48066126905556,False,,27,GTGA,ucin337,KY_TN
264,264,ucin338,37.366184,-85.3278364,False,,28,GTGA,ucin338,KY_TN
265,265,ucin339,37.336639620553456,-84.35637141877864,False,,29,GTGA,ucin339,KY_TN
266,266,ucin340,37.753493,-82.697581,False,,30,GTGA,ucin340,KY_TN
267,267,ucin341conc,36.81867567725631,-84.59886571720023,False,,31,GTGA,ucin341conc,KY_TN
268,268,ucin342re,38.57944289759554,-84.59870793204185,False,,32,GTGA,ucin342re,KY_TN
269,269,ucin343conc,38.294366163863835,-84.2114977988924,False,,26,TCAG,ucin343conc,KY_TN
270,270,ucin344,37.42958176015057,-85.59854658332868,False,,27,TCAG,ucin344,KY_TN
271,271,ucin345re,36.92545764001736,-84.2992413420658,False,,28,TCAG,ucin345re,KY_TN
272,272,ucin346,38.052161782632595,-84.36903585505058,False,,29,TCAG,ucin346,KY_TN
273,273,ucin347conc,36.57259675002949,-86.83138982694526,False,,30,TCAG,ucin347conc,KY_TN
274,274,ucin348,36.859560705583775,-84.76588317188943,False,,31,TCAG,ucin348,KY_TN
275,275,ucin349conc,38.673814,-83.90991,False,,32,TCAG,ucin349conc,KY_TN
276,276,ucin350,38.47592651811275,-84.86193466804765,False,,25,GCTT,ucin350,KY_TN
277,277,ucin351re,37.37899585002774,-84.7102213975366,False,,26,GCTT,ucin351re,KY_TN
278,278,ucin352z,37.59611063770115,-85.04687821065788,False,,37,GACT,ucin352z,KY_TN
279,279,ucin353z,30.58727918471816,-91.69501660137354,False,,38,GTGT,ucin353z,LA
280,280,ucin354,30.971814628668913,-91.48632909174609,False,,27,GCTT,ucin354,LA
281,281,ucin355,31.06119626579637,-91.55207885977511,False,,28,GCTT,ucin355,LA
282,282,ucin356,30.676564653066073,-91.5414093094039,False,,29,GCTT,ucin356,LA
283,283,ucin357z,30.577508544187086,-91.74044987384006,False,,38,AGAC,ucin357z,LA
284,284,ucin358conc,30.581709510392155,-91.8798973986813,False,,30,GCTT,ucin358conc,LA
285,285,ucin359,30.817594371300714,-91.46647649642787,False,,31,GCTT,ucin359,LA
286,286,ucin360,30.90842552953831,-91.46616313735791,False,,32,GCTT,ucin360,LA
287,287,ucin361,30.574212356833115,-91.76947329373472,False,,25,CTAC,ucin361,LA
288,288,ucin362z,31.128578611625613,-91.93597989302128,False,,38,ACCA,ucin362z,LA
289,289,ucin363,30.903412062388135,-92.13212268713968,False,,26,CTAC,ucin363,LA
290,290,ucin364conc,31.153705360860513,-91.792826038321,False,,27,CTAC,ucin364conc,LA
291,291,ucin365,40.678207,-92.80576,False,,28,CTAC,ucin365,IA_NE
292,292,ucin379,37.06697722024841,-91.27371696802366,False,,29,CTAC,ucin379,MO
293,293,ucin380conc,37.176283985618944,-90.72758284764825,False,,30,CTAC,ucin380conc,MO
294,294,ucin381,36.8038261636129,-90.63024836997779,False,,31,CTAC,ucin381,MO
295,295,ucin382,36.67779163447406,-90.80500748888733,False,,32,CTAC,ucin382,MO
296,296,ucin383,38.304676,-86.818688,False,,25,TGTC,ucin383,IL_IN
297,297,ucin384REz,39.165325,-86.526386,False,,38,AGTG,ucin384REz,IL_IN
298,298,ucin385,38.163672,-86.579706,False,,26,TGTC,ucin385,IL_IN
299,299,ucin386,39.026991,-86.937505,False,,27,TGTC,ucin386,IL_IN
300,300,ucin399,41.5682,-94.0607,False,,28,TGTC,ucin399,IA_NE
301,301,ucin400,43.136722,-93.20875,False,,29,TGTC,ucin400,IA_NE
302,302,ucin401,31.041900244385268,-92.06440902783035,False,,30,TGTC,ucin401,LA
303,303,ucin402,30.594190660910055,-91.92443767388205,False,,31,TGTC,ucin402,LA
304,304,ucin404,46.03915410485733,-94.07791098451742,False,,25,TCAC,ucin404,MN_WI_ND
305,305,ucin405,46.30526622763364,-93.78191768166775,False,,26,TCAC,ucin405,MN_WI_ND
306,306,ucin406RE,47.9818678,-97.0944217,False,,33,GACT,ucin406RE,MN_WI_ND
307,307,ucin407RE,41.376443,-93.273094,False,,34,GTGT,ucin407RE,IA_NE
308,308,ucin408re,39.473205,-81.87687,False,,27,TCAC,ucin408re,OH_WV
309,309,ucin409,38.971678333286505,-82.70389831270741,False,,28,TCAC,ucin409,OH_WV
310,310,ucin410z,39.15086,-82.38558,False,,38,CATC,ucin410z,OH_WV
311,311,ucin411z,39.21577,-81.85621,False,,38,GTGA,ucin411z,OH_WV
312,312,ucin412,39.28312186219435,-83.3073317004554,False,,29,TCAC,ucin412,OH_WV
313,313,ucin413,38.79716182366602,-83.17353573632454,False,ucin413replicate,30,TCAC,ucin413,OH_WV
314,314,ucin413replicate,39.090996831525985,-82.68178034049922,True,,34,AGAC,ucin413replicate,OH_WV
315,315,ucin414,40.8786,-81.01948,False,,31,TCAC,ucin414,OH_WV
316,316,ucin415,39.99136,-81.54904,False,,32,TCAC,ucin415,OH_WV
317,317,ucin416,39.46034,-81.43989,False,,25,GACT,ucin416,OH_WV
318,318,ucin417z,39.76258,-81.115398,False,,38,TCAG,ucin417z,OH_WV
319,319,ucin418z,39.015,-82.66933,False,,38,GCTT,ucin418z,OH_WV
320,320,ucin419conc,39.807295,-81.467899,False,,26,GACT,ucin419conc,OH_WV
321,321,ucin420,39.24398358746157,-82.55929781940893,False,,27,GACT,ucin420,OH_WV
322,322,ucin421z,39.357730260217,-81.84025490062852,False,,38,CTAC,ucin421z,OH_WV
323,323,ucin422,39.0134773,-82.614142,False,,28,GACT,ucin422,OH_WV
324,324,ucin423z,39.30567,-82.11199,False,,38,TGTC,ucin423z,OH_WV
325,325,ucin424,39.65905,-81.88533,False,,29,GACT,ucin424,OH_WV
326,326,ucin425,39.2405,-82.45243,False,,30,GACT,ucin425,OH_WV
327,327,ucin426,39.145847115602145,-83.41255123399094,False,,31,GACT,ucin426,OH_WV
328,328,ucin427RE,39.59501,-81.87035,False,,34,ACCA,ucin427RE,OH_WV
329,329,ucin428z,47.79677165851988,-92.23270853433783,False,,38,TCAC,ucin428z,MN_WI_ND
330,330,ucin429,46.58983159495132,-94.33621711855524,False,,32,GACT,ucin429,MN_WI_ND
331,331,ucin430z,47.80645300606857,-92.25001544177165,False,,38,GACT,ucin430z,MN_WI_ND
332,332,ucin431z,47.3252432857003,-92.30814309713347,False,,32,TGTC,ucin431z,MN_WI_ND
333,333,ucin432z,47.86176395445764,-92.42513400734185,False,,33,GTGT,ucin432z,MN_WI_ND
334,334,ucin433,47.75234486278808,-92.8573948707308,False,,33,AGAC,ucin433,MN_WI_ND
335,335,ucin434,41.002049,-93.274419,False,,33,ACCA,ucin434,IA_NE
336,336,ucin435,41.8221,-90.578,False,,33,AGTG,ucin435,IA_NE
337,337,ucin436,43.04345234051582,-92.16139873018112,False,,33,CATC,ucin436,IA_NE
338,338,ucin437,43.53248309360041,-92.40654169661019,False,,33,GTGA,ucin437,IA_NE
