,Unnamed: 0.1,Unnamed: 0,Sample_ID,latitude,longitude,is_replicate,replicate,library,barcode,id,0,to_exclude,POP
0,0,0,ucin001,38.96449917809695,-92.40327861810145,False,,14,ACCA,ucin001,ucin001,False,MO
1,1,1,ucin002,38.114136565043495,-89.93556642899442,False,,15,ACCA,ucin002,ucin002,False,MO
2,2,2,ucin003,37.8248346,-92.2070224,False,,16,ACCA,ucin003,ucin003,False,MO
3,3,3,ucin004conc,38.9351623,-91.4654372,False,,9,AGTG,ucin004conc,ucin004conc,False,MO
4,4,4,ucin005,37.75374202762549,-90.48696193996606,False,,10,AGTG,ucin005,ucin005,False,MO
5,5,5,ucin006conc,38.728301619662126,-91.45426503079999,False,,11,AGTG,ucin006conc,ucin006conc,False,MO
6,6,6,ucin007,38.15652280551664,-91.57585183973266,False,,12,AGTG,ucin007,ucin007,False,MO
7,7,7,ucin008,38.11097634087351,-90.39249803191284,False,,13,AGTG,ucin008,ucin008,False,MO
8,8,8,ucin009z,38.4208069,-92.8748352,False,,34,AGTG,ucin009z,ucin009z,False,MO
9,9,9,ucin010REz,39.1299677599941,-91.98463194725764,False,,34,CATC,ucin010REz,ucin010REz,False,MO
10,10,10,ucin011REz,38.938057908988114,-92.43342204069701,False,,34,GTGA,ucin011REz,ucin011REz,False,MO
11,11,11,ucin012RE,39.13874958350521,-92.62931549966848,False,,33,TCAG,ucin012RE,ucin012RE,False,MO
12,12,12,ucin013re,36.6993775,-93.8343258,False,,14,AGTG,ucin013re,ucin013re,False,MO
13,13,13,ucin016,37.4732347,-90.3454526,False,,15,AGTG,ucin016,ucin016,False,MO
14,14,14,ucin017,37.223059025512654,-85.61269105697038,False,,16,AGTG,ucin017,ucin017,False,KY_TN
15,15,15,ucin018z,36.4403970932657,-85.11590175560868,False,,34,TCAG,ucin018z,ucin018z,False,KY_TN
16,16,16,ucin020,36.83849938752239,-85.42237102763742,False,,9,CATC,ucin020,ucin020,False,KY_TN
17,17,17,ucin021,36.93066346710249,-84.99285244919137,False,,10,CATC,ucin021,ucin021,False,KY_TN
18,18,18,ucin022,36.98253472035559,-85.60902861086385,False,,11,CATC,ucin022,ucin022,False,KY_TN
19,19,19,ucin023,36.82815299328866,-85.38686475743076,False,,12,CATC,ucin023,ucin023,False,KY_TN
20,20,20,ucin024replicate,37.27974388926744,-85.57123386177207,True,,16,CTAC,ucin024replicate,ucin024replicate,False,KY_TN
21,21,21,ucin026,37.23224836879397,-84.95537847432345,False,,14,CATC,ucin026,ucin026,False,KY_TN
22,22,22,ucin028,36.85680770448574,-85.46727040447419,False,,15,CATC,ucin028,ucin028,False,KY_TN
23,23,23,ucin029,37.3242005451211,-85.51962746796254,False,,16,CATC,ucin029,ucin029,False,KY_TN
24,24,24,ucin030,36.97467655997537,-85.34498258720771,False,,9,GTGA,ucin030,ucin030,False,KY_TN
25,25,25,ucin031,36.821840950852675,-85.20637305981411,False,,10,GTGA,ucin031,ucin031,False,KY_TN
26,26,26,ucin032,36.991768582636496,-85.61420142676863,False,,11,GTGA,ucin032,ucin032,False,KY_TN
27,27,27,ucin033,37.39340696215588,-85.32567699005634,False,,12,GTGA,ucin033,ucin033,False,KY_TN
28,28,28,ucin034,37.374381386607034,-85.4175083084962,False,,13,GTGA,ucin034,ucin034,False,KY_TN
29,29,29,ucin035,35.680984,-78.935572,False,,14,GTGA,ucin035,ucin035,False,SC_NC
30,30,30,ucin036conc,34.24006526840218,-77.97643819477267,False,,15,GTGA,ucin036conc,ucin036conc,False,SC_NC
31,31,31,ucin037,35.7898464,-78.650624,False,,16,GTGA,ucin037,ucin037,False,SC_NC
32,32,32,ucin038conc,36.588833586962565,-78.62628614272874,False,,9,TCAG,ucin038conc,ucin038conc,False,SC_NC
33,33,33,ucin039conc,34.12797423334294,-78.55961252242828,False,,10,TCAG,ucin039conc,ucin039conc,False,SC_NC
34,34,34,ucin040,36.133148427875284,-78.36471744847042,False,,11,TCAG,ucin040,ucin040,False,SC_NC
35,35,35,ucin041,34.18346733389268,-77.92539011030105,False,,12,TCAG,ucin041,ucin041,False,SC_NC
36,36,36,ucin042conc,34.05344780819412,-78.57590691441331,False,,13,TCAG,ucin042conc,ucin042conc,True,SC_NC
37,37,37,ucin043,33.83692520690494,-77.97762440760997,False,,14,TCAG,ucin043,ucin043,False,SC_NC
38,38,38,ucin044conc,34.32027223428823,-78.14316114510177,False,,15,TCAG,ucin044conc,ucin044conc,False,SC_NC
39,39,39,ucin045,45.7803178,-92.6825162,False,,16,TCAG,ucin045,ucin045,False,MN_WI_ND
40,40,40,ucin046z,45.5183279,-92.6086852,False,,34,GCTT,ucin046z,ucin046z,False,MN_WI_ND
41,41,41,ucin047conc,45.7663625,-92.718117,False,,9,GCTT,ucin047conc,ucin047conc,False,MN_WI_ND
42,42,42,ucin048z,43.8539285,-89.2944733,False,,34,CTAC,ucin048z,ucin048z,False,MN_WI_ND
43,43,43,ucin049z,46.168515264815674,-90.55401954571275,False,,34,TGTC,ucin049z,ucin049z,False,MN_WI_ND
44,44,44,ucin052z,45.83781816760937,-89.91387788852852,False,,34,TCAC,ucin052z,ucin052z,False,MN_WI_ND
45,45,45,ucin053conc,44.7143783,-91.0486845,False,,11,GCTT,ucin053conc,ucin053conc,False,MN_WI_ND
46,46,46,ucin054,45.370865,-91.534241,False,,12,GCTT,ucin054,ucin054,False,MN_WI_ND
47,47,47,ucin055,44.934653,-91.389165,False,,13,GCTT,ucin055,ucin055,False,MN_WI_ND
48,48,48,ucin056conc,45.06063863415552,-91.90449704734982,False,,14,GCTT,ucin056conc,ucin056conc,False,MN_WI_ND
49,49,49,ucin057z,44.64296517726106,-91.39292411509074,False,,34,GACT,ucin057z,ucin057z,False,MN_WI_ND
50,50,50,ucin058z,41.034,-92.772,False,,35,GTGT,ucin058z,ucin058z,False,IA_NE
51,51,51,ucin059,42.732,-94.19712,False,,15,GCTT,ucin059,ucin059,False,IA_NE
52,52,52,ucin060z,38.950619,-97.602737,False,,35,AGAC,ucin060z,ucin060z,False,KS_OK
53,53,53,ucin061z,40.776699,-92.111397,False,,35,ACCA,ucin061z,ucin061z,False,IA_NE
54,54,54,ucin062z,38.675542,-83.910012,False,,35,AGTG,ucin062z,ucin062z,False,KY_TN
55,55,55,ucin063RE,38.9472897,-92.3263872,False,,33,GCTT,ucin063RE,ucin063RE,False,MO
56,56,56,ucin065,46.32655,-90.2612985,False,,16,GCTT,ucin065,ucin065,False,MN_WI_ND
57,57,57,ucin068B,43.153671,-90.084763,False,,9,CTAC,ucin068B,ucin068B,False,MN_WI_ND
58,58,58,ucin074,38.868275,-86.50199722,False,,10,CTAC,ucin074,ucin074,False,IL_IN
59,59,59,ucin075,39.1607509,-86.5233253,False,,11,CTAC,ucin075,ucin075,False,IL_IN
60,60,60,ucin076z,39.182569538018626,-85.70172141704036,False,,35,CATC,ucin076z,ucin076z,False,IL_IN
61,61,61,ucin077z,38.33263056,-85.98561111,False,,35,GTGA,ucin077z,ucin077z,False,IL_IN
62,62,62,ucin078z,38.20929722,-86.61035833,False,,35,TCAG,ucin078z,ucin078z,False,IL_IN
63,63,63,ucin079z,38.84346389,-86.51396944,False,,35,GCTT,ucin079z,ucin079z,False,IL_IN
64,64,64,ucin080z,39.14409443779155,-85.39084560937195,False,,35,CTAC,ucin080z,ucin080z,True,IL_IN
65,65,65,ucin081,39.17698611,-86.50513056,False,,12,CTAC,ucin081,ucin081,False,IL_IN
66,66,66,ucin083,38.8924958,-86.5252394,False,,13,CTAC,ucin083,ucin083,False,IL_IN
67,67,67,ucin089,36.6097332804594,-91.05431292648579,False,,14,CTAC,ucin089,ucin089,False,MO
68,68,68,ucin090,36.576189281107816,-91.06839575612969,False,,15,CTAC,ucin090,ucin090,False,MO
69,69,69,ucin091,36.6062784,-92.4246331,False,,9,TGTC,ucin091,ucin091,False,MO
70,70,70,ucin093,36.95585566502269,-92.32091558120119,False,,11,TGTC,ucin093,ucin093,False,MO
71,71,71,ucin094,37.006399829999026,-92.32225356196668,False,,12,TGTC,ucin094,ucin094,False,MO
72,72,72,ucin095,36.6489017,-90.8670597,False,,13,TGTC,ucin095,ucin095,False,MO
73,73,73,ucin096,37.3142565,-91.9644783,False,,14,TGTC,ucin096,ucin096,False,MO
74,74,74,ucin097,37.08945912362579,-91.25923033377245,False,,15,TGTC,ucin097,ucin097,False,MO
75,75,75,ucin098,37.1524984,-91.3913284,False,,16,TGTC,ucin098,ucin098,False,MO
76,76,76,ucin099,32.01314688018949,-90.11122516242469,False,,9,TCAC,ucin099,ucin099,False,MS
77,77,77,ucin100,33.9366339,-89.3371142,False,,10,TCAC,ucin100,ucin100,False,MS
78,78,78,ucin101,32.7656747,-90.3879282,False,,11,TCAC,ucin101,ucin101,False,MS
79,79,79,ucin102,31.1885802,-89.2594467,False,,12,TCAC,ucin102,ucin102,False,MS
80,80,80,ucin103,31.164492,-90.1034306,False,,13,TCAC,ucin103,ucin103,False,MS
81,81,81,ucin104,31.1975865,-89.5063691,False,,14,TCAC,ucin104,ucin104,False,MS
82,82,82,ucin105,32.4271272,-89.5332094,False,,15,TCAC,ucin105,ucin105,False,MS
83,83,83,ucin106,32.53220259357889,-89.80670716736834,False,,16,TCAC,ucin106,ucin106,False,MS
84,84,84,ucin107,32.4019702,-89.1184115,False,,9,GACT,ucin107,ucin107,False,MS
85,85,85,ucin108,32.0453737,-88.6879757,False,,10,GACT,ucin108,ucin108,False,MS
86,86,86,ucin109,32.4039981,-88.6604487,False,,11,GACT,ucin109,ucin109,False,MS
87,87,87,ucin110,32.019029,-89.4948768,False,,12,GACT,ucin110,ucin110,False,MS
88,88,88,ucin111,33.0904703,-89.5886221,False,,13,GACT,ucin111,ucin111,False,MS
89,89,89,ucin112,33.3459638,-89.2513319,False,,14,GACT,ucin112,ucin112,False,MS
90,90,90,ucin113,32.752518,-89.1192743,False,,15,GACT,ucin113,ucin113,False,MS
91,91,91,ucin115re,35.8648,-88.5798,False,,16,GACT,ucin115re,ucin115re,False,KY_TN
92,92,92,ucin116conc,35.2221,-89.13435,False,,17,GTGT,ucin116conc,ucin116conc,False,KY_TN
93,93,93,ucin117conc,35.542555,-88.856329,False,,18,GTGT,ucin117conc,ucin117conc,False,KY_TN
94,94,94,ucin118conc,35.46,-88.429,False,,19,GTGT,ucin118conc,ucin118conc,False,KY_TN
95,95,95,ucin119re,35.20600039487853,-88.67547179068812,False,,20,GTGT,ucin119re,ucin119re,False,KY_TN
96,96,96,ucin120conc,35.243236093799524,-88.61712850152445,False,,21,GTGT,ucin120conc,ucin120conc,False,KY_TN
97,97,97,ucin121conc,35.841320300503234,-89.02140737907919,False,,22,GTGT,ucin121conc,ucin121conc,False,KY_TN
98,98,98,ucin123z,35.97514666125993,-88.42937299404888,False,,35,TGTC,ucin123z,ucin123z,False,KY_TN
99,99,99,ucin125,37.14001020987679,-92.2687214527145,False,,17,AGAC,ucin125,ucin125,False,MO
100,100,100,ucin126,38.377,-91.756,False,,18,AGAC,ucin126,ucin126,False,MO
101,101,101,ucin127,38.12291097931515,-90.73388668385613,False,,19,AGAC,ucin127,ucin127,False,MO
102,102,102,ucin128,38.62010454458898,-91.493421869325,False,,20,AGAC,ucin128,ucin128,False,MO
103,103,103,ucin129z,37.230081074677614,-90.90590339338951,False,,35,TCAC,ucin129z,ucin129z,False,MO
104,104,104,ucin130z,37.55593662446996,-90.58202063951214,False,,35,GACT,ucin130z,ucin130z,True,MO
105,105,105,ucin131z,38.818896,-91.1353248,False,,36,GTGT,ucin131z,ucin131z,False,MO
106,106,106,ucin132,39.210649,-92.1344221,False,,21,AGAC,ucin132,ucin132,False,MO
107,107,107,ucin133,37.69110737718111,-89.96521832362163,False,,22,AGAC,ucin133,ucin133,False,MO
108,108,108,ucin134z,37.156954425150545,-89.91151461306515,False,,36,AGAC,ucin134z,ucin134z,False,MO
109,109,109,ucin137,37.693373564097676,-89.95952318695625,False,,17,ACCA,ucin137,ucin137,False,MO
110,110,110,ucin138,38.06228580429254,-92.66357471024405,False,,18,ACCA,ucin138,ucin138,False,MO
111,111,111,ucin139,37.81522394135304,-92.03870116789015,False,,19,ACCA,ucin139,ucin139,False,MO
112,112,112,ucin140,37.686259167625295,-92.10831505891169,False,,20,ACCA,ucin140,ucin140,False,MO
113,113,113,ucin141,38.223675162978644,-90.76861782511276,False,,21,ACCA,ucin141,ucin141,False,MO
114,114,114,ucin142,37.74316921170975,-90.49942230818276,False,,22,ACCA,ucin142,ucin142,False,MO
115,115,115,ucin143,36.71587267834049,-91.83239274163577,False,,23,ACCA,ucin143,ucin143,False,MO
116,116,116,ucin144,36.7743685,-91.8873677,False,,24,ACCA,ucin144,ucin144,False,MO
117,117,117,ucin145,38.0670974,-91.4057354,False,,17,AGTG,ucin145,ucin145,False,MO
118,118,118,ucin146,38.4334486,-92.8460335,False,,18,AGTG,ucin146,ucin146,False,MO
119,119,119,ucin147z,36.8499965756419,-90.36061072896614,False,,36,ACCA,ucin147z,ucin147z,False,MO
120,120,120,ucin148,39.076971,-92.841577,False,,19,AGTG,ucin148,ucin148,False,MO
121,121,121,ucin149,39.17112522431238,-91.29738189480973,False,,20,AGTG,ucin149,ucin149,False,MO
122,122,122,ucin150z,36.87911833388823,-90.95446518627008,False,,36,AGTG,ucin150z,ucin150z,False,MO
123,123,123,ucin151,37.81655833137607,-90.30548625615658,False,,21,AGTG,ucin151,ucin151,False,MO
124,124,124,ucin152,37.91675752991198,-90.3182806085364,False,,22,AGTG,ucin152,ucin152,False,MO
125,125,125,ucin153conc,35.9613606,-83.1976748,False,,23,AGTG,ucin153conc,ucin153conc,False,KY_TN
126,126,126,ucin156re,36.89753258485679,-82.45436220987882,False,,17,CATC,ucin156re,ucin156re,True,KY_TN
127,127,127,ucin157conc,36.535025,-83.447035,False,,18,CATC,ucin157conc,ucin157conc,False,KY_TN
128,128,128,ucin159conc,36.23086871709878,-83.35032476134487,False,,19,CATC,ucin159conc,ucin159conc,True,KY_TN
129,129,129,ucin160re,36.927808774631494,-81.73472669061853,False,,20,CATC,ucin160re,ucin160re,False,KY_TN
130,130,130,ucin161conc,36.38226812040793,-83.9106179918858,False,,21,CATC,ucin161conc,ucin161conc,False,KY_TN
131,131,131,ucin162conc,36.9379322273831,-81.73467891717628,False,,22,CATC,ucin162conc,ucin162conc,False,KY_TN
132,132,132,ucin166z,38.10633348901055,-94.75840518794377,False,,36,GTGA,ucin166z,ucin166z,False,KS_OK
133,133,133,ucin167conc,38.04241402129424,-94.89506736499497,False,,17,GTGA,ucin167conc,ucin167conc,False,KS_OK
134,134,134,ucin168,34.717617,-92.358338,False,,18,GTGA,ucin168,ucin168,False,AR
135,135,135,ucin169z,34.37958820896826,-92.75387783605787,False,,36,TCAG,ucin169z,ucin169z,False,AR
136,136,136,ucin170conc,34.53376267,-92.35495273,False,,19,GTGA,ucin170conc,ucin170conc,False,AR
137,137,137,ucin178,33.6118293,-92.067718,False,,20,GTGA,ucin178,ucin178,False,AR
138,138,138,ucin179REz,33.90503356252915,-91.70363994446583,False,,36,GCTT,ucin179REz,ucin179REz,False,AR
139,139,139,ucin181conc,33.8181171,-92.4175657,False,,21,GTGA,ucin181conc,ucin181conc,False,AR
140,140,140,ucin205,47.277802,-91.866211,False,,17,TCAG,ucin205,ucin205,False,MN_WI_ND
141,141,141,ucin206,46.89653,-92.995331,False,,18,TCAG,ucin206,ucin206,False,MN_WI_ND
142,142,142,ucin207,46.31000828793574,-94.27391187614813,False,,19,TCAG,ucin207,ucin207,False,MN_WI_ND
143,143,143,ucin208,45.7920052809524,-94.5214802229677,False,,20,TCAG,ucin208,ucin208,False,MN_WI_ND
144,144,144,ucin209,46.1009402,-92.7630936,False,,21,TCAG,ucin209,ucin209,False,MN_WI_ND
145,145,145,ucin210RE,45.7012247,-94.0014387,False,,33,CTAC,ucin210RE,ucin210RE,False,MN_WI_ND
146,146,146,ucin211RE,38.19613642899772,-89.0971268880635,False,,33,TGTC,ucin211RE,ucin211RE,False,IL_IN
147,147,147,ucin212RE,38.30739358570493,-89.22489597490811,False,,33,TCAC,ucin212RE,ucin212RE,False,IL_IN
148,148,148,ucin214z,43.6482031,-84.3794144,False,,36,CTAC,ucin214z,ucin214z,False,MI
149,149,149,ucin215,42.999715,-84.2393367,False,,23,TCAG,ucin215,ucin215,False,MI
150,150,150,ucin217,43.30088051031828,-83.80903811056733,False,,17,GCTT,ucin217,ucin217,False,MI
151,151,151,ucin218,42.2462657,-85.5328544,False,,18,GCTT,ucin218,ucin218,False,MI
152,152,152,ucin219,43.6452331,-84.8394245,False,,19,GCTT,ucin219,ucin219,False,MI
153,153,153,ucin220,42.88542454498472,-83.62727956959766,False,,20,GCTT,ucin220,ucin220,False,MI
154,154,154,ucin221,42.93574592898581,-83.32927868435401,False,,21,GCTT,ucin221,ucin221,False,MI
155,155,155,ucin222,42.927771526738816,-83.29916065037848,False,,22,GCTT,ucin222,ucin222,False,MI
156,156,156,ucin225,42.826832565486846,-83.99889520090275,False,,17,CTAC,ucin225,ucin225,False,MI
157,157,157,ucin226,42.956585623409104,-83.7993162639804,False,,18,CTAC,ucin226,ucin226,False,MI
158,158,158,ucin227conc,36.287,-96.512,False,,19,CTAC,ucin227conc,ucin227conc,False,KS_OK
159,159,159,ucin228z,36.5,-95.064,False,,36,TGTC,ucin228z,ucin228z,False,KS_OK
160,160,160,ucin229,35.5024345,-94.7507569,False,,20,CTAC,ucin229,ucin229,False,KS_OK
161,161,161,ucin230,35.741,-94.741,False,,21,CTAC,ucin230,ucin230,False,KS_OK
162,162,162,ucin231,36.244803976954785,-94.93322743538812,False,,22,CTAC,ucin231,ucin231,True,KS_OK
163,163,163,ucin232,36.80379597121331,-95.12528085773353,False,,23,CTAC,ucin232,ucin232,False,KS_OK
164,164,164,ucin233,35.53632770304407,-94.53363704109411,False,,24,CTAC,ucin233,ucin233,False,KS_OK
165,165,165,ucin234,34.586349,-97.186188,False,,17,TGTC,ucin234,ucin234,False,KS_OK
166,166,166,ucin235z,36.48778710652466,-95.38846196263435,False,,36,TCAC,ucin235z,ucin235z,False,KS_OK
167,167,167,ucin236replicate,35.59278309864393,-94.4031691797761,True,,17,TCAC,ucin236replicate,ucin236replicate,False,KS_OK
168,168,168,ucin237,34.7093497,-97.312723,False,,19,TGTC,ucin237,ucin237,False,KS_OK
169,169,169,ucin238,35.644368527309965,-94.91898474169483,False,,20,TGTC,ucin238,ucin238,False,KS_OK
170,170,170,ucin239,41.399,-96.4833,False,,21,TGTC,ucin239,ucin239,False,IA_NE
171,171,171,ucin240,34.898432,-94.090763,False,,22,TGTC,ucin240,ucin240,False,AR
172,172,172,ucin241,35.4629127,-92.9791298,False,,23,TGTC,ucin241,ucin241,False,AR
173,173,173,ucin242,34.908156,-94.386884,False,,24,TGTC,ucin242,ucin242,False,AR
174,174,174,ucin243,36.052,-90.973,False,,18,TCAC,ucin243,ucin243,False,AR
175,175,175,ucin244,34.5808341,-94.237096,False,,19,TCAC,ucin244,ucin244,False,AR
176,176,176,ucin245,33.4665491,-92.1691559,False,,20,TCAC,ucin245,ucin245,False,AR
177,177,177,ucin246z,33.3308,-93.90999,False,,36,GACT,ucin246z,ucin246z,False,AR
178,178,178,ucin249,34.0830639,-93.9909315,False,,21,TCAC,ucin249,ucin249,False,AR
179,179,179,ucin251,35.707966,-92.51875,False,,22,TCAC,ucin251,ucin251,False,AR
180,180,180,ucin252z,35.085091,-93.136563,False,,37,GTGT,ucin252z,ucin252z,False,AR
181,181,181,ucin253,36.291422,-91.855491,False,,23,TCAC,ucin253,ucin253,False,MI
182,182,182,ucin256,35.02292,-93.10581,False,,24,TCAC,ucin256,ucin256,False,AR
183,183,183,ucin257,35.04195,-93.307617,False,,17,GACT,ucin257,ucin257,False,AR
184,184,184,ucin258,35.9107424,-93.2158985,False,,18,GACT,ucin258,ucin258,False,AR
185,185,185,ucin259,33.861439,-93.821129,False,,19,GACT,ucin259,ucin259,False,AR
186,186,186,ucin260reconc,36.24955278,-93.50541389,False,,20,GACT,ucin260reconc,ucin260reconc,False,AR
187,187,187,ucin261,35.2306077,-93.0608406,False,ucin261replicate,21,GACT,ucin261,ucin261,False,AR
188,188,188,ucin262reconc,33.35201396968966,-91.67544307126202,False,,22,GACT,ucin262reconc,ucin262reconc,False,AR
189,189,189,ucin263,34.04206656297032,-92.23313386445403,False,,23,GACT,ucin263,ucin263,False,AR
190,190,190,ucin264,36.312786,-93.0112211,False,,24,GACT,ucin264,ucin264,False,AR
191,191,191,ucin265conc,33.957675,-91.7276258,False,,25,GTGT,ucin265conc,ucin265conc,False,AR
192,192,192,ucin266reconc,36.0365815,-94.2524659,False,,26,GTGT,ucin266reconc,ucin266reconc,False,AR
193,193,193,ucin267,36.49430833,-94.42558611,False,,27,GTGT,ucin267,ucin267,False,AR
194,194,194,ucin268,34.2873568,-91.3383081,False,,28,GTGT,ucin268,ucin268,False,AR
195,195,195,ucin269,33.995576320492916,-92.4351377105416,False,,29,GTGT,ucin269,ucin269,False,AR
196,196,196,ucin270,35.5150168,-93.3321354,False,,30,GTGT,ucin270,ucin270,False,AR
197,197,197,ucin271REz,34.7954255,-91.7404936,False,,37,AGAC,ucin271REz,ucin271REz,False,AR
198,198,198,ucin273,35.934924,-94.18111,False,,31,GTGT,ucin273,ucin273,False,AR
199,199,199,ucin274re,36.030909,-93.25629,False,,25,AGAC,ucin274re,ucin274re,False,AR
200,200,200,ucin275,36.432289,-92.76878,False,,26,AGAC,ucin275,ucin275,False,AR
201,201,201,ucin276z,33.5879936,-93.391012,False,,37,ACCA,ucin276z,ucin276z,False,AR
202,202,202,ucin277z,36.0125452,-93.7240531,False,,37,AGTG,ucin277z,ucin277z,False,AR
203,203,203,ucin278z,44.894954,-83.4265739,False,,37,CATC,ucin278z,ucin278z,False,MI
204,204,204,ucin279concreplicate,43.3127822,-85.1494679,True,,25,TCAG,ucin279concreplicate,ucin279concreplicate,False,MI
205,205,205,ucin300,46.5584304,-91.5708921,False,,28,AGAC,ucin300,ucin300,False,MN_WI_ND
206,206,206,ucin301,45.794399,-89.31402,False,,29,AGAC,ucin301,ucin301,False,MN_WI_ND
207,207,207,ucin302,37.13715889519867,-95.50330647681146,False,,30,AGAC,ucin302,ucin302,False,KS_OK
208,208,208,ucin303,37.02041442939702,-95.68089488351282,False,,31,AGAC,ucin303,ucin303,False,KS_OK
209,209,209,ucin305,36.83275971979261,-85.46500054611138,False,,25,ACCA,ucin305,ucin305,False,KY_TN
210,210,210,ucin306,36.511896267612826,-83.95423867713781,False,,26,ACCA,ucin306,ucin306,False,KY_TN
211,211,211,ucin307,38.93064797640846,-84.57012757627827,False,,27,ACCA,ucin307,ucin307,True,KY_TN
212,212,212,ucin309,37.10065985347561,-86.12137852215275,False,,29,ACCA,ucin309,ucin309,False,KY_TN
213,213,213,ucin310conc,37.61196968440924,-84.9282195,False,,30,ACCA,ucin310conc,ucin310conc,False,KY_TN
214,214,214,ucin313,37.24352308388981,-89.18922568424904,False,,25,AGTG,ucin313,ucin313,False,KY_TN
215,215,215,ucin314z,36.710973220144105,-88.91458571897168,False,,37,GTGA,ucin314z,ucin314z,False,KY_TN
216,216,216,ucin315,37.24945133562964,-89.15845860540341,False,,26,AGTG,ucin315,ucin315,False,KY_TN
217,217,217,ucin316,38.65035598028583,-83.98674791139125,False,,27,AGTG,ucin316,ucin316,False,KY_TN
218,218,218,ucin317z,37.65465454325724,-84.39157150863298,False,,37,TCAG,ucin317z,ucin317z,False,KY_TN
219,219,219,ucin318,37.62726580392319,-84.3633516199775,False,,28,AGTG,ucin318,ucin318,False,KY_TN
220,220,220,ucin320z,37.07582371098277,-86.08150600636527,False,,37,CTAC,ucin320z,ucin320z,False,KY_TN
221,221,221,ucin321,37.51593829966278,-83.75054649601736,False,,29,AGTG,ucin321,ucin321,True,KY_TN
222,222,222,ucin322,37.05113305790784,-85.05789283933989,False,,30,AGTG,ucin322,ucin322,False,KY_TN
223,223,223,ucin323,36.639597097577465,-84.47344422043123,False,,31,AGTG,ucin323,ucin323,False,KY_TN
224,224,224,ucin324z,37.72017288911769,-84.17094866389071,False,,37,TGTC,ucin324z,ucin324z,False,KY_TN
225,225,225,ucin326conc,38.760951203969725,-83.99111697840105,False,,25,CATC,ucin326conc,ucin326conc,False,KY_TN
226,226,226,ucin327re,38.981801083301804,-84.2874396177701,False,,26,CATC,ucin327re,ucin327re,False,KY_TN
227,227,227,ucin328,36.46366556993913,-85.09936941815093,False,,27,CATC,ucin328,ucin328,False,KY_TN
228,228,228,ucin329,36.59275896531833,-87.02197939155023,False,,28,CATC,ucin329,ucin329,False,KY_TN
229,229,229,ucin332,37.516646,-83.410741,False,,31,CATC,ucin332,ucin332,False,KY_TN
230,230,230,ucin334re,38.087779403698086,-83.76895373389148,False,,25,GTGA,ucin334re,ucin334re,False,KY_TN
231,231,231,ucin335z,37.933793,-86.057137,False,,37,TCAC,ucin335z,ucin335z,False,KY_TN
232,232,232,ucin336,38.50956504576852,-84.06925342129931,False,,26,GTGA,ucin336,ucin336,False,KY_TN
233,233,233,ucin337,38.054121072844396,-83.64222301745806,False,,27,GTGA,ucin337,ucin337,False,KY_TN
234,234,234,ucin338,37.366184,-85.3278364,False,,28,GTGA,ucin338,ucin338,False,KY_TN
235,235,235,ucin339,37.26587843099947,-84.27565692253175,False,,29,GTGA,ucin339,ucin339,False,KY_TN
236,236,236,ucin341conc,36.82568555739199,-84.49882794910258,False,,31,GTGA,ucin341conc,ucin341conc,False,KY_TN
237,237,237,ucin343conc,38.294366163863835,-84.2114977988924,False,,26,TCAG,ucin343conc,ucin343conc,False,KY_TN
238,238,238,ucin344,37.552604,-85.2689592,False,,27,TCAG,ucin344,ucin344,False,KY_TN
239,239,239,ucin345re,37.3982853458743,-84.573641642786,False,,28,TCAG,ucin345re,ucin345re,False,KY_TN
240,240,240,ucin346,38.0062203628428,-84.50317902867609,False,,29,TCAG,ucin346,ucin346,False,KY_TN
241,241,241,ucin347conc,36.874461477815686,-87.24195267880711,False,,30,TCAG,ucin347conc,ucin347conc,False,KY_TN
242,242,242,ucin348,37.396734898043164,-84.54198973990457,False,,31,TCAG,ucin348,ucin348,False,KY_TN
243,243,243,ucin350,38.57767197600693,-84.53436082525796,False,,25,GCTT,ucin350,ucin350,False,KY_TN
244,244,244,ucin351re,37.07242220548023,-84.93923512109225,False,,26,GCTT,ucin351re,ucin351re,False,KY_TN
245,245,245,ucin352z,37.57297685845191,-84.74604241872534,False,,37,GACT,ucin352z,ucin352z,False,KY_TN
246,246,246,ucin355,30.594190660910055,-91.67299692611796,False,,28,GCTT,ucin355,ucin355,False,LA
247,247,247,ucin358conc,31.11474601400167,-91.96742935839502,False,,30,GCTT,ucin358conc,ucin358conc,False,LA
248,248,248,ucin359,30.96709513094804,-92.11324520062348,False,,31,GCTT,ucin359,ucin359,False,LA
249,249,249,ucin361,30.740382946406754,-92.10333946435229,False,,25,CTAC,ucin361,ucin361,False,LA
250,250,250,ucin363,30.657928898890503,-92.03618292137243,False,,26,CTAC,ucin363,ucin363,False,LA
251,251,251,ucin364conc,31.08564903704809,-92.01554343835785,False,,27,CTAC,ucin364conc,ucin364conc,False,LA
252,252,252,ucin365,40.678207,-92.80576,False,,28,CTAC,ucin365,ucin365,False,IA_NE
253,253,253,ucin379,37.176283985618944,-90.72758284764825,False,,29,CTAC,ucin379,ucin379,False,MO
254,254,254,ucin380conc,37.22496460915571,-91.0395717279891,False,,30,CTAC,ucin380conc,ucin380conc,False,MO
255,255,255,ucin381,37.20081451170017,-91.11591558284135,False,,31,CTAC,ucin381,ucin381,False,MO
256,256,256,ucin383,38.304676,-86.818688,False,,25,TGTC,ucin383,ucin383,False,IL_IN
257,257,257,ucin385,38.163672,-86.579706,False,,26,TGTC,ucin385,ucin385,False,IL_IN
258,258,258,ucin386,39.026991,-86.937505,False,,27,TGTC,ucin386,ucin386,False,IL_IN
259,259,259,ucin399,41.5682,-94.0607,False,,28,TGTC,ucin399,ucin399,False,IA_NE
260,260,260,ucin400,43.136722,-93.20875,False,,29,TGTC,ucin400,ucin400,False,IA_NE
261,261,261,ucin401,31.106784199532772,-91.61495824018422,False,,30,TGTC,ucin401,ucin401,False,LA
262,262,262,ucin402,30.77332761908927,-91.4789454768888,False,,31,TGTC,ucin402,ucin402,True,LA
263,263,263,ucin404,46.48170284190088,-94.54283945665911,False,,25,TCAC,ucin404,ucin404,False,MN_WI_ND
264,264,264,ucin405,46.02726758942291,-94.22847883292933,False,,26,TCAC,ucin405,ucin405,True,MN_WI_ND
265,265,265,ucin406RE,47.9818678,-97.0944217,False,,33,GACT,ucin406RE,ucin406RE,False,MN_WI_ND
266,266,266,ucin407RE,41.376443,-93.273094,False,,34,GTGT,ucin407RE,ucin407RE,False,IA_NE
267,267,267,ucin408re,39.473205,-81.87687,False,,27,TCAC,ucin408re,ucin408re,False,OH_WV
268,268,268,ucin409,38.828028885365754,-83.25478950361172,False,,28,TCAC,ucin409,ucin409,False,OH_WV
269,269,269,ucin412,39.31706317633375,-83.25069373323191,False,,29,TCAC,ucin412,ucin412,False,OH_WV
270,270,270,ucin413replicate,39.253458073891906,-83.34270465907737,True,,34,AGAC,ucin413replicate,ucin413replicate,False,OH_WV
271,271,271,ucin414,40.8786,-81.01948,False,,31,TCAC,ucin414,ucin414,False,OH_WV
272,272,272,ucin416,39.46034,-81.43989,False,,25,GACT,ucin416,ucin416,False,OH_WV
273,273,273,ucin419conc,39.807295,-81.467899,False,,26,GACT,ucin419conc,ucin419conc,False,OH_WV
274,274,274,ucin420,39.233871746025365,-81.81422981955154,False,,27,GACT,ucin420,ucin420,False,OH_WV
275,275,275,ucin421z,39.16433039461696,-81.83035962325418,False,,38,CTAC,ucin421z,ucin421z,False,OH_WV
276,276,276,ucin423z,39.30567,-82.11199,False,,38,TGTC,ucin423z,ucin423z,False,OH_WV
277,277,277,ucin424,39.65905,-81.88533,False,,29,GACT,ucin424,ucin424,False,OH_WV
278,278,278,ucin425,39.2405,-82.45243,False,,30,GACT,ucin425,ucin425,False,OH_WV
279,279,279,ucin426,38.884651263410404,-83.33708217986724,False,,31,GACT,ucin426,ucin426,False,OH_WV
280,280,280,ucin427RE,39.59501,-81.87035,False,,34,ACCA,ucin427RE,ucin427RE,False,OH_WV
281,281,281,ucin428z,47.73996676865842,-92.87036115976974,False,,38,TCAC,ucin428z,ucin428z,False,MN_WI_ND
282,282,282,ucin430z,47.28952534499012,-92.53683905237776,False,,38,GACT,ucin430z,ucin430z,False,MN_WI_ND
283,283,283,ucin432z,47.85387957830234,-92.38166229589453,False,,33,GTGT,ucin432z,ucin432z,False,MN_WI_ND
284,284,284,ucin433,47.74827008870168,-92.86182420729423,False,,33,AGAC,ucin433,ucin433,False,MN_WI_ND
285,285,285,ucin434,41.002049,-93.274419,False,,33,ACCA,ucin434,ucin434,False,IA_NE
286,286,286,ucin435,41.8221,-90.578,False,,33,AGTG,ucin435,ucin435,False,IA_NE
287,287,287,ucin436,43.06287342771312,-92.26812899322975,False,,33,CATC,ucin436,ucin436,True,IA_NE
288,288,288,ucin437,43.50952605748812,-91.80645102208247,False,,33,GTGA,ucin437,ucin437,False,IA_NE
